<?xml version="1.0" encoding="UTF-8"?>
<people>
    <person>
        <name>Sabin Tabirca</name>
        <address>WGB, UCC, Cork</address>
        <phone>12345678</phone>
        <image>sabin.jpeg</image>
        <url>http://www.cs.ucc.ie</url>
    </person>
    <person>
        <name>Sabina Tabirca</name>
        <address>CUMH, UCC, Cork</address>
        <phone>12345678</phone>
        <image>sabin.jpeg</image>
        <url>http://www.cs.ucc.ie</url>
    </person>
    <person>
        <name>John Tabirca</name>
        <address>Loyds, Cork</address>
        <phone>12345678</phone>
        <image>sabin.jpeg</image>
        <url>http://www.cs.ucc.ie</url>
    </person>
    <person>
        <name>Tany Tabirca</name>
        <address>WGB, UCC, Cork</address>
        <phone>12345678</phone>
        <image>sabin.jpeg</image>
        <url>http://www.cs.ucc.ie</url>
    </person>
    <person>
        <name>Sabinus Tabirca</name>
        <address>WGB, UCC, Cork</address>
        <phone>12345678</phone>
        <image>sabin.jpeg</image>
        <url>http://www.cs.ucc.ie</url>
    </person>
</people>

