<?xml version="1.0" encoding="UTF-8"?>
<people>
    <person>
        <name>Ariana Grande</name>
        <address>Los Angeles, USA</address>
        <phone>98765432</phone>
        <image>ariana.jpeg</image>
        <url>https://www.arianagrande.com</url>
        <text>Ariana Grande is an American singer, songwriter, and actress known for her impressive four-octave vocal range and signature whistle tones. She began her career on Broadway before rising to fame through her role on Nickelodeon's 'Victorious.' Grande has released multiple chart-topping albums, including 'Yours Truly,' 'Dangerous Woman,' and 'Positions.' Her hit songs like 'Thank U, Next,' '7 Rings,' and 'No Tears Left to Cry' have earned her critical acclaim and numerous awards, including Grammy Awards. She is also known for her philanthropy and advocacy for mental health awareness.</text>
    </person>
    <person>
        <name>Billie Eilish</name>
        <address>Los Angeles, USA</address>
        <phone>87654321</phone>
        <image>billie.jpeg</image>
        <url>https://www.billieeilish.com</url>
        <text>Billie Eilish is a Grammy-winning singer-songwriter known for her dark, whispery vocals and genre-defying music. She gained worldwide recognition with her breakout single 'Ocean Eyes,' written and produced by her brother Finneas. Her debut album 'When We All Fall Asleep, Where Do We Go?' became a global phenomenon, featuring hits like 'Bad Guy' and 'Bury a Friend.' She is known for her minimalist aesthetic, unique fashion style, and introspective lyrics. Billie continues to push boundaries in the music industry with albums like 'Happier Than Ever.'</text>
    </person>
    <person>
        <name>Charli XCX</name>
        <address>London, UK</address>
        <phone>76543210</phone>
        <image>charli.jpeg</image>
        <url>https://www.charlixcx.com</url>
        <text>Charli XCX is a British singer, songwriter, and producer known for her experimental approach to pop music. She first gained mainstream attention with her feature on Icona Pop's hit song 'I Love It' and later achieved success with songs like 'Boom Clap,' 'Break the Rules,' and '1999.' A pioneer in the hyperpop genre, Charli has collaborated with artists like SOPHIE and A.G. Cook to push the boundaries of modern pop music. She continues to evolve her sound with projects like 'Crash' and 'How I'm Feeling Now.'</text>
    </person>
    <person>
        <name>Olivia Rodrigo</name>
        <address>California, USA</address>
        <phone>65432109</phone>
        <image>olivia.jpeg</image>
        <url>https://www.oliviarodrigo.com</url>
        <text>Olivia Rodrigo is an American singer, songwriter, and actress who quickly rose to fame with her debut single 'Drivers License.' The song became a global sensation, breaking multiple streaming records. Her debut album 'SOUR' was met with critical and commercial success, featuring hits like 'Good 4 U' and 'Deja Vu.' Rodrigo is celebrated for her raw, emotional lyrics and ability to capture the struggles of teenage life through her music. She has won numerous awards, including Grammys, and continues to be a powerful voice in contemporary pop music.</text>
    </person>
    <person>
        <name>Carly Rae Jepsen</name>
        <address>Mission, Canada</address>
        <phone>54321098</phone>
        <image>carly.jpeg</image>
        <url>https://www.carlyraemusic.com</url>
        <text>Carly Rae Jepsen is a Canadian pop singer and songwriter best known for her breakout hit 'Call Me Maybe,' which became a worldwide phenomenon. She has since released critically acclaimed albums such as 'Emotion' and 'Dedicated,' which showcase her unique ability to blend nostalgic 80s pop sounds with modern music. Jepsen has built a strong cult following due to her infectious melodies, heartfelt lyrics, and upbeat synth-pop anthems. Her music continues to resonate with fans around the world.</text>
    </person>
    <person>
        <name>Lady Gaga</name>
        <address>New York, USA</address>
        <phone>43210987</phone>
        <image>ladygaga.jpeg</image>
        <url>https://www.ladygaga.com</url>
        <text>Lady Gaga is an American singer, songwriter, and actress known for her extravagant performances, powerful vocals, and boundary-pushing music. She first gained fame with her debut album 'The Fame,' featuring hits like 'Poker Face' and 'Just Dance.' Over the years, she has reinvented herself with albums like 'Born This Way,' 'Joanne,' and 'Chromatica.' Gaga has won numerous Grammy Awards and an Academy Award for her work in 'A Star Is Born.' Beyond music, she is a passionate advocate for mental health and LGBTQ+ rights.</text>
    </person>
    <person>
        <name>Shakira</name>
        <address>Barranquilla, Colombia</address>
        <phone>32109876</phone>
        <image>shakira.jpeg</image>
        <url>https://www.shakira.com</url>
        <text>Shakira is a Colombian singer, songwriter, and dancer known for her unique voice and fusion of Latin, rock, and pop music. She gained international fame with hits like 'Whenever, Wherever,' 'Hips Don't Lie,' and 'Waka Waka.' Shakira is celebrated for her energetic performances, belly dancing skills, and ability to sing in multiple languages. She has won numerous Latin Grammy Awards and continues to be one of the most influential Latin artists in the world.</text>
    </person>
    <person>
        <name>Britney Spears</name>
        <address>Mississippi, USA</address>
        <phone>21098765</phone>
        <image>britney.jpeg</image>
        <url>https://www.britneyspears.com</url>
        <text>Britney Spears is a pop icon known as the 'Princess of Pop.' She rose to fame in the late 90s with her debut single '...Baby One More Time' and went on to release numerous chart-topping albums. Spears is known for her distinctive voice, electrifying performances, and influence on the pop music industry. Despite facing personal and legal struggles, she has remained an enduring figure in pop culture.</text>
    </person>
    <person>
        <name>Rihanna</name>
        <address>Barbados</address>
        <phone>10987654</phone>
        <image>rihanna.jpeg</image>
        <url>https://www.rihanna.com</url>
        <text>Rihanna is a Barbadian singer, songwriter, actress, and entrepreneur known for her powerful voice and genre-blending music. She gained global fame with hit songs like "Umbrella," "Diamonds," and "Work," making her one of the best-selling artists of all time. Beyond music, Rihanna has built a successful business empire with Fenty Beauty and Savage X Fenty, revolutionizing the beauty and fashion industries. Her influence extends beyond entertainment, as she is also a philanthropist and advocate for global humanitarian efforts. Fans around the world eagerly await her return to music.</text>
    </person>
    <person>
        <name>Chappell Roan</name>
        <address>Missouri, USA</address>
        <phone>01928374</phone>
        <image>chappell.jpeg</image>
        <url>https://www.iamchappellroan.com</url>
        <text>Chappell Roan is an emerging American pop artist known for her theatrical performances, distinctive voice, and unique musical style. She combines elements of indie pop and synth-driven music with deeply personal lyrics. With her growing fanbase, Roan is quickly making a name for herself in the music industry as a rising star.</text>
    </person>
</people>
